Workbook

Sheet 물성전체
A1: C/SiC 평직 복합재 UMAT 물성 대장
A2: 재현 대상: Zhang et al. 2022, Ceram. Int. 48:3109-3124
A3: 상태 구분 | 검증완료: 논문 직접 인용 또는 유도 후 수치 재검증 완료 | 보정값: 논문에 없어 Table 3 에 맞춰 역보정 | 임시값: 논문에 없고 미보정 | 수치설정: 물성이 아닌 수치해석 파라미터 | 미검증: 논문과 다르며 영향 미확인
A5: 구분 | B5: 물성 이름 | C5: 기능 | D5: 값 | E5: 단위 | F5: 출처 | G5: 상태 | H5: 비고
A6: A. T300 섬유 (논문 Table 1)
A7: A | B7: Ef1 | C7: 섬유 축(1)방향 탄성계수 | D7: 230 | E7: GPa | F7: Zhang et al. 2022, Ceram. Int. 48:3109-3124 Table 1 [34,35] | G7: 검증완료 | H7: 논문 직접 인용
A8: A | B8: Ef2 | C8: 섬유 횡(2,3)방향 탄성계수 | D8: 40 | E8: GPa | F8: Zhang et al. 2022, Ceram. Int. 48:3109-3124 Table 1 | G8: 검증완료 | H8: 논문 직접 인용
A9: A | B9: Gf12 | C9: 섬유 면내 전단탄성계수 | D9: 24 | E9: GPa | F9: Zhang et al. 2022, Ceram. Int. 48:3109-3124 Table 1 | G9: 검증완료 | H9: 논문 직접 인용
A10: A | B10: Gf23 | C10: 섬유 횡방향 전단탄성계수 | D10: 14.3 | E10: GPa | F10: Zhang et al. 2022, Ceram. Int. 48:3109-3124 Table 1 | G10: 검증완료 | H10: 논문 직접 인용
A11: A | B11: nu_f12 | C11: 섬유 주 포아송비 | D11: 0.26 | E11: - | F11: Zhang et al. 2022, Ceram. Int. 48:3109-3124 Table 1 | G11: 검증완료 | H11: 논문 직접 인용
A12: A | B12: Xf,t | C12: 섬유 축방향 인장강도 | D12: 3580 | E12: MPa | F12: Zhang et al. 2022, Ceram. Int. 48:3109-3124 Table 1 | G12: 검증완료 | H12: 얀 강도 환산의 상한 기준
A13: A | B13: Xf,c | C13: 섬유 축방향 압축강도 | D13: 2470 | E13: MPa | F13: Zhang et al. 2022, Ceram. Int. 48:3109-3124 Table 1 | G13: 검증완료 | H13: 논문 직접 인용
A14: A | B14: alpha_f1 | C14: 섬유 축방향 열팽창계수 | D14: -3e-07 | E14: 1/K | F14: Zhang et al. 2022, Ceram. Int. 48:3109-3124 Table 1 | G14: 검증완료 | H14: 음수. 기지와의 불일치가 잔류응력 원인
A15: A | B15: alpha_f2(3) | C15: 섬유 횡방향 열팽창계수 | D15: 3.1e-06 | E15: 1/K | F15: Zhang et al. 2022, Ceram. Int. 48:3109-3124 Table 1 | G15: 검증완료 | H15: 논문 직접 인용
A16: B. SiC 기지 (논문 Table 2)
A17: B | B17: Em | C17: 기지 탄성계수 | D17: 350 | E17: GPa | F17: Zhang et al. 2022, Ceram. Int. 48:3109-3124 Table 2 [35-37] | G17: 검증완료 | H17: 논문 직접 인용
A18: B | B18: Gm | C18: 기지 전단탄성계수 | D18: 146 | E18: GPa | F18: Zhang et al. 2022, Ceram. Int. 48:3109-3124 Table 2 | G18: 검증완료 | H18: E/(2(1+nu))=145.83 과 0.11% 일치 (자기무모순 확인)
A19: B | B19: nu_m | C19: 기지 포아송비 | D19: 0.2 | E19: - | F19: Zhang et al. 2022, Ceram. Int. 48:3109-3124 Table 2 | G19: 검증완료 | H19: 논문 직접 인용
A20: B | B20: Xm,t(c) | C20: 기지 인장=압축 강도 | D20: 310 | E20: MPa | F20: Zhang et al. 2022, Ceram. Int. 48:3109-3124 Table 2 | G20: 검증완료 | H20: 논문이 인장·압축에 같은 값 하나만 제시
A21: B | B21: alpha_m | C21: 기지 열팽창계수 | D21: 4.5e-06 | E21: 1/K | F21: Zhang et al. 2022, Ceram. Int. 48:3109-3124 Table 2 | G21: 검증완료 | H21: 온도무관 상수 (논문 3.2.3)
A22: C. RVE 형상 · 체적분율
A23: C | B23: Lx | C23: RVE x 방향 치수 | D23: 3.5 | E23: mm | F23: Zhang et al. 2022, Ceram. Int. 48:3109-3124 3.2.1 | G23: 검증완료 | H23: 논문과 동일
A24: C | B24: Ly | C24: RVE y 방향 치수 | D24: 3.5 | E24: mm | F24: Zhang et al. 2022, Ceram. Int. 48:3109-3124 3.2.1 | G24: 검증완료 | H24: 논문과 동일
A25: C | B25: Lz | C25: RVE 두께 | D25: 0.44 | E25: mm | F25: 자체 TexGen 모델 | G25: 미검증 | H25: 논문은 0.4334 mm. 1.5% 차이 (영향 경미로 판단)
A26: C | B26: 타원 장축 | C26: 얀 단면 타원 장축 | D26: 1.28 | E26: mm | F26: Zhang et al. 2022, Ceram. Int. 48:3109-3124 3.2.1 | G26: 검증완료 | H26: 논문과 동일
A27: C | B27: 타원 단축 | C27: 얀 단면 타원 단축 | D27: 0.2 | E27: mm | F27: Zhang et al. 2022, Ceram. Int. 48:3109-3124 3.2.1 | G27: 검증완료 | H27: 논문과 동일
A28: C | B28: V_RVE | C28: RVE 총 체적 | D28: 5.39 | E28: mm^3 | F28: 메쉬 적분 (자체 검증) | G28: 검증완료 | H28: 3.5 x 3.5 x 0.44 와 정확히 일치
A29: C | B29: Vf_tow | C29: 얀 내부 섬유체적분율 | D29: 0.79194 | E29: - | F29: 얀 물성 역산 (논문 미기재) | G29: 검증완료 | H29: 이 값에서 전체 Vf=0.400 이 재현됨
A30: C | B30: V_tow/V_RVE | C30: 얀(tow) 체적분율 | D30: 0.5051 | E30: - | F30: 메쉬 적분 | G30: 검증완료 | H30: 자체 계산
A31: C | B31: Vf_total | C31: 전체 섬유체적분율 | D31: 0.4 | E31: - | F31: 0.79194 x 0.5051 | G31: 검증완료 | H31: 논문 명시값 40% 와 정확히 일치
A32: C | B32: N_elem | C32: C3D4 요소 개수 | D32: 174405 | E32: 개 | F32: 자체 TexGen 메쉬 | G32: 미검증 | H32: 논문은 116,724개. 1.5배 조밀 (메쉬수렴성 미검증)
A33: D. 얀 균질화 물성 (Chamis / Schapery)
A34: D | B34: Ey1 | C34: 얀 축방향 탄성계수 | D34: 254967.23 | E34: MPa | F34: Chamis 혼합법칙 [32] | G34: 검증완료 | H34: 재계산 오차 -0.000011%
A35: D | B35: Ey2 | C35: 얀 횡방향 탄성계수 | D35: 44321.738 | E35: MPa | F35: Chamis [32] | G35: 검증완료 | H35: 재계산 오차 -0.000013%
A36: D | B36: Ey3 | C36: 얀 횡방향 탄성계수 | D36: 44321.738 | E36: MPa | F36: =Ey2 (횡등방) | G36: 검증완료 | H36: 횡등방성 가정
A37: D | B37: nu_y12 | C37: 얀 주 포아송비 | D37: 0.24751639 | E37: - | F37: Chamis 혼합법칙 | G37: 검증완료 | H37: 재계산 오차 +0.000006%
A38: D | B38: nu_y13 | C38: 얀 주 포아송비 | D38: 0.24751639 | E38: - | F38: =nu_y12 | G38: 검증완료 | H38: 횡등방성 가정
A39: D | B39: nu_y23 | C39: 얀 횡방향 포아송비 | D39: 0.39581358 | E39: - | F39: Ey2/(2Gy23)-1 | G39: 검증완료 | H39: 재계산 오차 +0.0048%
A40: D | B40: Gy12 | C40: 얀 면내 전단탄성계수 | D40: 26431.515 | E40: MPa | F40: Chamis [32] | G40: 검증완료 | H40: 재계산 오차 -0.0023%
A41: D | B41: Gy13 | C41: 얀 면내 전단탄성계수 | D41: 26431.515 | E41: MPa | F41: =Gy12 | G41: 검증완료 | H41: 횡등방성 가정
A42: D | B42: Gy23 | C42: 얀 횡방향 전단탄성계수 | D42: 15876.668 | E42: MPa | F42: Chamis [32] | G42: 검증완료 | H42: 재계산 오차 -0.0014%
A43: D | B43: alpha_y1 | C43: 얀 축방향 열팽창계수 | D43: 1.070926e-06 | E43: 1/K | F43: Schapery 혼합법칙 [33] | G43: 검증완료 | H43: 재계산 오차 -0.00013%
A44: D | B44: alpha_y2 | C44: 얀 횡방향 열팽창계수 | D44: 3.3249086e-06 | E44: 1/K | F44: Chamis CTE 식 | G44: 검증완료 | H44: 재계산 오차 -0.000007%
A45: D | B45: alpha_y3 | C45: 얀 횡방향 열팽창계수 | D45: 3.3249086e-06 | E45: 1/K | F45: =alpha_y2 | G45: 검증완료 | H45: 횡등방성 가정
A46: E. 기지 UMAT 카드 (SIC_MATRIX_DAMAGE, constants=23~24)
A47: E | B47: PROPS 1 | C47: 재료 분기 플래그 (2=기지) | D47: 2 | E47: - | F47: UMAT 내부 규약 | G47: 수치설정 | H47: 물성 아님
A48: E | B48: PROPS 2 E | C48: 기지 탄성계수 | D48: 350000 | E48: MPa | F48: Zhang et al. 2022, Ceram. Int. 48:3109-3124 Table 2 | G48: 검증완료 | H48: 논문값 350 GPa
A49: E | B49: PROPS 3 NU | C49: 기지 포아송비 | D49: 0.2 | E49: - | F49: Zhang et al. 2022, Ceram. Int. 48:3109-3124 Table 2 | G49: 검증완료 | H49: 논문값
A50: E | B50: PROPS 4 XT | C50: 기지 인장강도 (Weibull 평균) | D50: 310 | E50: MPa | F50: Zhang et al. 2022, Ceram. Int. 48:3109-3124 Table 2 | G50: 검증완료 | H50: 요소별 Weibull 샘플링의 평균. 실측 310.093 (오차 0.030%)
A51: E | B51: PROPS 5 XC | C51: 기지 압축강도 | D51: 310 | E51: MPa | F51: Zhang et al. 2022, Ceram. Int. 48:3109-3124 Table 2 | G51: 검증완료 | H51: 초기 900 -> 논문값 310 으로 수정 완료
A52: E | B52: PROPS 6 AT | C52: 인장 손상진화 지수 | D52: 2 | E52: - | F52: 논문 미기재 | G52: 임시값 | H52: Gf>0 이면 크랙밴드 A_eff 로 덮어써짐
A53: E | B53: PROPS 7 AC | C53: 압축 손상진화 지수 | D53: 2 | E53: - | F53: 논문 미기재 | G53: 임시값 | H53: 미보정
A54: E | B54: PROPS 8 DMAXT | C54: 인장 손상 상한 | D54: 0.95 | E54: - | F54: 논문 미기재 | G54: 임시값 | H54: 최대점 이후 비물리적 재상승의 원인
A55: E | B55: PROPS 9 DMAXC | C55: 압축 손상 상한 | D55: 0.8 | E55: - | F55: 논문 미기재 | G55: 임시값 | H55: 미보정
A56: E | B56: PROPS 10 ETA | C56: 점성 정규화 시간상수 | D56: 0.02 | E56: step time | F56: 자체 수렴검사로 선정 | G56: 수치설정 | H56: 1.0x/0.5x/0.25x 검사 -> 0.5x 에서 강성 수렴 (0.87%)
A57: E | B57: PROPS 11 DJMAX | C57: 증분당 손상 점프 상한 | D57: 0.1 | E57: - | F57: 수치안정용 | G57: 수치설정 | H57: 물성 아님
A58: E | B58: PROPS 12 FREEZESTEP | C58: 손상이 살아있는 마지막 Step | D58: 3 | E58: - | F58: 해석 절차 설정 | G58: 수치설정 | H58: 냉각1+승온2+인장3. HOM Step(4~9)은 동결
... A70: E | B70: PROPS 24 MCRIT | C70: 기지 파손기준 선택 (V2_5) | D70: 1 | E70: - | F70: Zhang et al. 2022, Ceram. Int. 48:3109-3124 Eq.15/16 | G70: 검증완료 | H70: PAPERCRIT 덱만. 1=논문 von Mises, 0=Rankine(V2_4)
A71: F. 얀 UMAT 카드 (CSIC_YARN_DAMAGE, constants=31)
A72: F | B72: PROPS 1 | C72: 재료 분기 플래그 (1=얀) | D72: 1 | E72: - | F72: UMAT 내부 규약 | G72: 수치설정 | H72: 물성 아님
A73: F | B73: PROPS 2~10 | C73: 얀 직교이방 탄성상수 9개 | E73: MPa / - | F73: Chamis 균질화 (구분 D 참조) | G73: 검증완료 | H73: E1,E2,E3,nu12,nu13,nu23,G12,G13,G23
A74: F | B74: PROPS 11 XT | C74: 얀 축방향 인장강도 | D74: 421 | E74: MPa | F74: 논문 Table 3 역보정 (논문 미기재) | G74: 보정값 | H74: ★핵심 보정값. Chamis 이론값 2835 MPa 의 14.8%
A75: F | B75: PROPS 12 XC | C75: 얀 축방향 압축강도 | D75: 1500 | E75: MPa | F75: 논문 미기재 | G75: 임시값 | H75: 미보정. 냉각 압축(-355MPa)에 여유 있어 영향 작음
A76: F | B76: PROPS 13 YT | C76: 얀 횡방향 인장강도 | D76: 80 | E76: MPa | F76: 논문 미기재 | G76: 임시값 | H76: 미보정. 횡손상률 88~93% 결정
A77: F | B77: PROPS 14 YC | C77: 얀 횡방향 압축강도 | D77: 350 | E77: MPa | F77: 논문 미기재 | G77: 임시값 | H77: 미보정
A78: F | B78: PROPS 15 S12 | C78: 면내 전단강도 | D78: 120 | E78: MPa | F78: 논문 미기재 | G78: 임시값 | H78: 미보정
A79: F | B79: PROPS 16 S13 | C79: 면외 전단강도 | D79: 120 | E79: MPa | F79: 논문 미기재 | G79: 임시값 | H79: 미보정
A80: F | B80: PROPS 17 S23 | C80: 횡방향 전단강도 | D80: 100 | E80: MPa | F80: 논문 미기재 | G80: 임시값 | H80: 미보정
A81: F | B81: PROPS 18 A1T | C81: 축방향 인장 손상진화 지수 | D81: 2 | E81: - | F81: 논문 미기재 | G81: 임시값 | H81: ★크랙밴드(Gf) 정규화 없음 -> eta·메쉬 의존의 근본원인
A82: F | B82: PROPS 19 A1C | C82: 축방향 압축 손상진화 지수 | D82: 2 | E82: - | F82: 논문 미기재 | G82: 임시값 | H82: 미보정
A83: F | B83: PROPS 20 ATT | C83: 횡방향 인장 손상진화 지수 | D83: 2 | E83: - | F83: 논문 미기재 | G83: 임시값 | H83: 미보정
A84: F | B84: PROPS 21 ATC | C84: 횡방향 압축 손상진화 지수 | D84: 2 | E84: - | F84: 논문 미기재 | G84: 임시값 | H84: 미보정
A85: F | B85: PROPS 22 DMAX1 | C85: 축방향 손상 상한 | D85: 0.95 | E85: - | F85: 논문 미기재 | G85: 임시값 | H85: 미보정
... A94: F | B94: PROPS 31 CUTMXF | C94: 컷백 최대 감쇠 | D94: 0.5 | E94: - | F94: 수치안정용 | G94: 수치설정 | H94: 물성 아님
A95: G. 해석 조건
A96: G | B96: T_process | C96: 공정(무응력) 온도 | D96: 1050 | E96: degC | F96: Zhang et al. 2022, Ceram. Int. 48:3109-3124 3.2.4 / *Expansion zero | G96: 검증완료 | H96: 논문과 동일
A97: G | B97: T_room | C97: 냉각 도달 온도 | D97: 23 | E97: degC | F97: Zhang et al. 2022, Ceram. Int. 48:3109-3124 3.2.4 | G97: 검증완료 | H97: 논문과 동일
A98: G | B98: T_test | C98: 시험 온도 (3 조건) | E98: degC | F98: Zhang et al. 2022, Ceram. Int. 48:3109-3124 Table 3 | G98: 검증완료 | H98: 23 / 500 / 1000 degC
A99: G | B99: 기계변형률 span | C99: 인장 Step 목표 기계변형률 | D99: 0.005334 | E99: - | F99: 자체 설정 | G99: 수치설정 | H99: ★세 온도에서 반드시 동일해야 비교 가능 (속도 의존성)
A100: G | B100: PBC | C100: 주기경계조건 | E100: - | F100: Zhang et al. 2022, Ceram. Int. 48:3109-3124 3.2.2 [31] | G100: 검증완료 | H100: Driver 반력 0, 평균응력 잔차 4.0e-8 (기계정밀도)
A101: H. 논문 검증 목표 (Table 3)
A102: H | B102: 23C 실험 | C102: 인장강도 실험값 | D102: 116.17 | E102: MPa | F102: Zhang et al. 2022, Ceram. Int. 48:3109-3124 Table 3 | G102: 검증완료 | H102: 표준편차 +-8.78
A103: H | B103: 23C 해석 | C103: 인장강도 논문 해석값 | D103: 128.45 | E103: MPa | F103: Zhang et al. 2022, Ceram. Int. 48:3109-3124 Table 3 | G103: 검증완료 | H103: ★XT=421 보정의 목표값. 실험 대비 오차 10.31%
A104: H | B104: 500C 실험 | C104: 인장강도 실험값 | D104: 160.19 | E104: MPa | F104: Zhang et al. 2022, Ceram. Int. 48:3109-3124 Table 3 | G104: 검증완료 | H104: 표준편차 +-14.83
A105: H | B105: 500C 해석 | C105: 인장강도 논문 해석값 | D105: 179.42 | E105: MPa | F105: Zhang et al. 2022, Ceram. Int. 48:3109-3124 Table 3 | G105: 검증완료 | H105: 실험 대비 오차 12.00%
A106: H | B106: 1000C 실험 | C106: 인장강도 실험값 | D106: 173.28 | E106: MPa | F106: Zhang et al. 2022, Ceram. Int. 48:3109-3124 Table 3 | G106: 검증완료 | H106: 표준편차 +-12.94
A107: H | B107: 1000C 해석 | C107: 인장강도 논문 해석값 | D107: 199.15 | E107: MPa | F107: Zhang et al. 2022, Ceram. Int. 48:3109-3124 Table 3 | G107: 검증완료 | H107: 실험 대비 오차 14.93%

Sheet 균질화검증
A1: 얀 물성 균질화 재검증 (Chamis 강성 / Schapery·Chamis 열팽창)
A2: 아래 파란 셀이 입력이다. Vf_tow 를 바꾸면 계산열이 전부 갱신된다.
A4: 입력값 | F4: 계산 결과 vs UMAT 카드 값
A5: 기호 | B5: 값 | C5: 단위 | D5: 출처 | F5: 물성 | G5: 식으로 계산 | H5: UMAT 카드값 | I5: 오차 %
A6: Ef1 | B6: 230000 | C6: MPa | D6: 논문 Table 1 | F6: Ey1 | G6: =B16*B6+(1-B16)*B13 | H6: 254967.23 | I6: =IFERROR((G6/H6-1)*100,"")
A7: Ef2 | B7: 40000 | C7: MPa | D7: 논문 Table 1 | F7: Ey2 | G7: =B13/(1-SQRT(B16)*(1-B13/B7)) | H7: 44321.738 | I7: =IFERROR((G7/H7-1)*100,"")
A8: Gf12 | B8: 24000 | C8: MPa | D8: 논문 Table 1 | F8: Gy12 | G8: =(B13/(2*(1+B14)))/(1-SQRT(B16)*(1-(B13/(2*(1+B14)))/B8)) | H8: 26431.515 | I8: =IFERROR((G8/H8-1)*100,"")
A9: Gf23 | B9: 14300 | C9: MPa | D9: 논문 Table 1 | F9: Gy23 | G9: =(B13/(2*(1+B14)))/(1-SQRT(B16)*(1-(B13/(2*(1+B14)))/B9)) | H9: 15876.668 | I9: =IFERROR((G9/H9-1)*100,"")
A10: nu_f12 | B10: 0.26 | C10: - | D10: 논문 Table 1 | F10: nu_y12 | G10: =B16*B10+(1-B16)*B14 | H10: 0.24751639 | I10: =IFERROR((G10/H10-1)*100,"")
A11: alpha_f1 | B11: -3e-07 | C11: 1/K | D11: 논문 Table 1 | F11: nu_y23 | G11: =G7/(2*G9)-1 | H11: 0.39581358 | I11: =IFERROR((G11/H11-1)*100,"")
A12: alpha_f2 | B12: 3.1e-06 | C12: 1/K | D12: 논문 Table 1 | F12: alpha_y1 | G12: =(B16*B6*B11+(1-B16)*B13*B15)/(B16*B6+(1-B16)*B13) | H12: 1.070926e-06 | I12: =IFERROR((G12/H12-1)*100,"")
A13: Em | B13: 350000 | C13: MPa | D13: 논문 Table 2 | F13: alpha_y2 | G13: =B12*SQRT(B16)+(1-SQRT(B16))*(1+B16*B14*B6/G6)*B15 | H13: 3.3249086e-06 | I13: =IFERROR((G13/H13-1)*100,"")
A14: nu_m | B14: 0.2 | C14: - | D14: 논문 Table 2
A15: alpha_m | B15: 4.5e-06 | C15: 1/K | D15: 논문 Table 2 | F15: 판정 | G15: =IF(SUMPRODUCT(MAX(ABS(I6:I13)))<0.01,"전 항목 오차 0.01% 미만 - 균질화 검증 통과","오차 초과 항목 있음 - 확인 필요")
A16: Vf_tow | B16: 0.79194 | C16: - | D16: 역산 (논문 미기재)
F17: 참고: Chamis 이론 얀 인장강도 | G17: =B16*3580 | H17: MPa | I17: =421/G17*100 | J17: <- 현재 보정값 421 MPa 이 Chamis 이론값에서 차지하는 비율

Sheet 검증요약
A1: 검증 상태 요약
A3: 상태 | B3: 개수 | C3: 의미
A4: 검증완료 | B4: =COUNTIF(물성전체!$G$6:$G$107,A4) | C4: 논문 직접 인용, 또는 유도 후 수치 재검증 완료. 그대로 사용 가능
A5: 보정값 | B5: =COUNTIF(물성전체!$G$6:$G$107,A5) | C5: 논문에 값이 없어 Table 3 결과에 맞춰 역보정. 재현이 아닌 보정임을 논문에 명시 필요
A6: 임시값 | B6: =COUNTIF(물성전체!$G$6:$G$107,A6) | C6: 논문에 값이 없고 아직 보정도 안 됨. 결과 민감도 확인 필요
A7: 수치설정 | B7: =COUNTIF(물성전체!$G$6:$G$107,A7) | C7: 물성이 아닌 수치해석 파라미터. 물리적 의미 없음
A8: 미검증 | B8: =COUNTIF(물성전체!$G$6:$G$107,A8) | C8: 논문과 다르게 설정했고 영향을 아직 확인 못 함
A9: 합계 | B9: =SUM(B4:B8)
A12: 우선 처리 대상
A13: 항목 | B13: 내용
A14: 얀 PROPS 18 A1T | B14: 얀 축방향에 크랙밴드(Gf) 정규화가 없어 eta·메쉬 의존성의 근본 원인. eta 반감당 최대응력 4% 변동, 수렴점 없음. UMAT 수정 필요
A15: 얀 PROPS 11 XT | B15: 보정값 421 MPa 은 Chamis 이론값의 14.8%. 논문에 없는 값을 역보정한 것이므로 "재현"이 아니라 "보정"임을 반드시 명시
A16: 얀 PROPS 13 YT | B16: 횡방향 손상률(모델 88~93% vs 논문 99%)을 좌우하는데 미보정
A17: 기지 PROPS 8/9 DMAX | B17: 손상 상한 때문에 잔류강성이 남아 최대점 이후 응력이 비물리적으로 재상승
A18: C. 요소 개수 | B18: 174,405개 (논문 116,724개). 메쉬 수렴성 미검증. 단 얀 정규화가 없으면 수렴점 자체가 존재하지 않음
A19: C. RVE 두께 | B19: 0.44 mm (논문 0.4334 mm). 1.5% 차이, 영향 미확인
